artist,community
JID,0
Kanye West,0
Empress Of,1
Ne-Yo,1
Murda Beatz,1
Jeremih,1
Bryson Tiller,1
Tierra Whack,1
Mez,0
EARTHGANG,0
YNW Melly,0
Miguel,1
Lil Duval,0
9lokknine,0
Cozz,0
London On Da Track,0
24kGoldn,2
Post Malone,0
Trippie Redd,0
Jessie Reyez,1
Nipsey Hussle,0
Tay-K,0
KIDS SEE GHOSTS,0
Sada Baby,0
Lil Xan,0
DDG,0
Young Scooter,0
Halsey,1
WhoHeem,2
YG,0
Young M.A,0
Lil Skies,0
Childish Gambino,0
Stevie Wonder,1
Ball Greezy,2
YFN Lucci,0
21 Savage,0
Doe Boy,0
DJ Chose,1
DaBaby,0
Chief Keef,0
Gesaffelstein,3
Fred Hammond,4
Calvin Harris,1
Khalid,1
SAINt JHN,0
Mike WiLL Made-It,0
Yella Beezy,0
NLE Choppa,0
StaySolidRocky,0
Rowdy Rebel,5
Lizzo,1
Bastille,1
"Royce Da 5'9""",0
Playboi Carti,0
X Ambassadors,1
Yo Gotti,0
Buddy,0
Jagged Edge,1
Key Glock,0
Lil Baby,0
Blac Youngsta,0
Jhené Aiko,1
Summer Walker,1
Saweetie,1
Mustard,0
Fat Joe,0
James Blake,1
Layton Greene,2
Death Cab for Cutie,1
Bill Withers,1
Travis Scott,0
Megan Thee Stallion,1
Cordae,0
Maluma,6
Mulatto,2
PARTYNEXTDOOR,1
JACKBOYS,0
G Herbo,0
Skepta,0
Nicki Minaj,1
Gunna,0
Joyner Lucas,0
Iggy Azalea,1
2 Chainz,0
Machine Gun Kelly,1
Eminem,0
Sosa Geek,5
Matt Ox,0
Queen Naija,1
Sleepy Hallow,5
Anderson .Paak,1
50 Cent,0
Moby,7
Jaden,0
Big Sean,0
Lil Nas X,1
A$AP Rocky,0
King Von,0
French Montana,0
Drake,0
John Legend,1
The Weeknd,1
Jon Z,6
PnB Rock,0
Michael Jackson,1
Migos,0
Janet Jackson,1
Mary J. Blige,1
YoungBoy Never Broke Again,0
Yung Pinch,0
6LACK,1
Derez De__hon,0
Baby Keem,0
YK Osiris,2
Mac Miller,0
Pusha T,0
Fabolous,1
Ali Gatie,1
NF,0
Justin Bieber,1
Sosamann,0
Missy Elliott,1
Bobby Shmurda,0
Marshmello,1
BROCKHAMPTON,0
Ed Sheeran,1
H.E.R.,1
YBN Nahmir,0
Clipse,0
Zhavia Ward,1
blackbear,1
XXXTENTACION,2
Larray,2
Cardi B,1
Chris Brown,1
iann dior,1
Oumou Sangaré,8
TK Kravitz,0
Lute,0
Kenny G,9
City Girls,1
J. Cole,0
Quavo,0
Alicia Keys,1
Ty Dolla $ign,1
Daddy Yankee,6
Russ,0
6ix9ine,2
Lil Durk,0
Juice WRLD,0
Kodak Black,0
Joey Bada$$,0
Ella Mai,1
Chance the Rapper,0
Takeoff,0
Polo G,0
Famous Dex,0
PHresher,5
SZA,1
Swizz Beatz,0
Kevin Gates,0
Smokepurpp,0
Internet Money,0
DJ Khaled,1
Lil Pump,0
Usher,1
Skylar Grey,1
Rihanna,1
J Balvin,6
M.I.A.,1
Young T & Bugsey,10
Stunna 4 Vegas,0
Lil Tjay,5
Ski Mask The Slump God,0
DaniLeigh,1
Clever,0
Calboy,0
Billy Ray Cyrus,11
Fetty Wap,0
Kodie Shane,1
Flipp Dinero,0
Bebe Rexha,1
Tyga,0
Joji,1
Money Man,0
NAV,0
THE SCOTTS,0
Tee Grizzley,0
Tyla Yaweh,0
Kali Uchis,1
Miley Cyrus,1
Belly,0
Rae Sremmurd,0
Justin Timberlake,1
Bruno Mars,1
Nas,0
Roddy Ricch,0
Logic,0
Tank,1
Moneybagg Yo,0
Syd,1
Ambjaay,2
Wiz Khalifa,0
Frank Ocean,1
REASON,0
Tory Lanez,0
Landon Cube,0
Beyoncé,1
Kane Brown,12
Rich The Kid,0
Huncho Jack,0
Young Nudy,0
Saudi,13
Doja Cat,1
Ashanti,1
G-Eazy,0
Static Major,14
Beatking,1
Kid Cudi,0
Jay Rock,0
Carnage,0
Meek Mill,0
Kehlani,1
Reese LAFLARE,0
Hit-Boy,0
King Combs,2
Lil Mosey,0
Lil Tecca,0
WizKid,8
Ant Clemons,1
Jacquees,1
Ugly God,0
Snoop Dogg,0
The Kid LAROI,1
Gunplay,0
Offset,0
Chloe x Halle,1
Plies,2
Quando Rondo,0
ScHoolboy Q,0
Zacari,15
Aminé,0
Pop Smoke,5
Lil Dicky,0
Arizona Zervas,1
SAFE,1
Bad Bunny,6
Vince Staples,0
Juicy J,0
Lil Yachty,0
Slim Jxmmi,0
Aretha Franklin,1
Jermaine Dupri,0
SOB X RBE,0
Anuel AA,6
Young Dolph,0
Yung Bleu,0
Bhad Bhabie,1
Don Toliver,0
JAY-Z,0
Kris Wu,16
"Tyler, The Creator",0
Fivio Foreign,0
Busta Rhymes,0
42 Dugg,0
Lil Wayne,0
Childish Major,1
Diplo,1
Disclosure,1
The Carters,1
Rvssian,6
Young Thug,0
Future,0
Kendrick Lamar,0
N.E.R.D,0
Lil Uzi Vert,0
Luh Kel,2
Giveon,1
Kiana Ledé,1
Jack Harlow,0
Yugen Blakrok,13
BlocBoy JB,0
MadeinTYO,0
Vedo,2
Ariana Grande,1
Swae Lee,0
Wale,1
bbno$,1
Shordie Shordie,2
Guapdad 4000,0
Headie One,10
J.I the Prince of N.Y,5
Gucci Mane,0
A Boogie Wit da Hoodie,0
Brent Faiyaz,0
Stacy Barthe,1
Pardison Fontaine,5
Rod Wave,0
Dom Kennedy,0
Ciara,1
Louis Prima,1
Blueface,0
KAROL G,6
T-Pain,1
Labrinth,1
Trevor Daniel,1
Rick Ross,0
A$AP Ferg,0
Y2K,1
T.I.,0
Daniel Caesar,1
Dreamville,0
Sheck Wes,0
Metro Boomin,0
